<?xml version="1.0" encoding="UTF-8"?>
<project-private xmlns="http://www.netbeans.org/ns/project-private/1">
    <editor-bookmarks xmlns="http://www.netbeans.org/ns/editor-bookmarks/2" lastBookmarkId="1">
        <file>
            <url>src/Finance.java</url>
            <bookmark id="1">
                <name/>
                <line>119</line>
                <key/>
            </bookmark>
        </file>
    </editor-bookmarks>
    <open-files xmlns="http://www.netbeans.org/ns/projectui-open-files/2">
        <group>
            <file>file:/E:/beneficial/STUDENT%20MANAGEMENT%20SYSTEM/src/University_system/FacultyAdmin.java</file>
            <file>file:/E:/beneficial/STUDENT%20MANAGEMENT%20SYSTEM/src/University_system/Lecturer.java</file>
            <file>file:/E:/beneficial/STUDENT%20MANAGEMENT%20SYSTEM/src/University_system/LoginPage.java</file>
        </group>
    </open-files>
</project-private>
